"Symbol","Description","Category2","Category3","GICS Sector","Market cap","Dividend yield","Price to TTM earnings","Price to TTM sales","Price to book value","Action"
"AAPL","Apple Inc","Common stocks","Large cap","Information Technology","$2,859,821,674,680","0.49%","30.28","7.82","45.45","Analyze"
"MSFT","Microsoft Corp","Common stocks","Large cap","Information Technology","$2,364,863,680,251","0.73%","35.20","13.42","15.72","Analyze"
"GOOG","Alphabet Inc Class C","Common stocks","Large cap","Communication Services","$1,890,715,132,253","0.00%","12.75","7.90","3.68","Analyze"
"GOOGL","Alphabet Inc Class A","Common stocks","Large cap","Communication Services","$1,890,715,132,253","0.00%","12.05","7.90","3.48","Analyze"
"AMZN","Amazon.Com Inc.","Common stocks","Large cap","Consumer Discretionary","$1,677,258,894,769","0.00%","63.80","3.66","13.90","Analyze"
"TSLA","Tesla Inc","Common stocks","Large cap","Consumer Discretionary","$1,068,939,508,469","0.00%","320.34","22.82","41.07","Analyze"
"FB","Facebook Inc Class A","Common stocks","Large cap","Communication Services","$954,292,022,799","0.00%","19.57","8.50","5.91","Analyze"
"BRK.B","Berkshire Hathaway Inc. Class B","Common stocks","Large cap","Financials","$714,632,869,819","0.00%","4.86","2.07","0.88","Analyze"
"NVDA","Nvidia Corp","Common stocks","Large cap","Information Technology","$695,425,000,000","0.06%","85.29","28.65","29.41","Analyze"
"JPM","JP Morgan Chase & Co","Common stocks","Large cap","Financials","$494,977,512,557","2.25%","10.31","4.07","1.72","Analyze"
"V","Visa Inc Class A","Common stocks","Large cap","Information Technology","$472,493,520,000","0.62%","29.54","19.60","9.57","Analyze"
"JNJ","Johnson & Johnson","Common stocks","Large cap","Health Care","$450,832,230,941","2.42%","25.00","4.93","6.36","Analyze"
"UNH","Unitedhealth Group Inc","Common stocks","Large cap","Health Care","$441,728,236,250","1.19%","28.92","1.59","6.35","Analyze"
"HD","Home Depot Inc","Common stocks","Large cap","Consumer Discretionary","$403,775,962,571","1.70%","22.73","2.59","392.88","Analyze"
"BAC","Bank of America Corp","Common stocks","Large cap","Financials","$402,738,775,215","1.57%","13.79","4.56","1.47","Analyze"
"WMT","Walmart Stores Inc","Common stocks","Large cap","Consumer Staples","$399,993,273,644","1.52%","49.61","0.70","4.84","Analyze"
"PG","Procter & Gamble","Common stocks","Large cap","Consumer Staples","$383,948,920,963","2.12%","27.21","4.98","8.35","Analyze"
"MA","Mastercard Inc Class A","Common stocks","Large cap","Information Technology","$357,026,196,605","0.49%","44.24","20.07","53.41","Analyze"
"PFE","Pfizer Inc","Common stocks","Large cap","Health Care","$318,193,407,441","2.72%","16.58","5.00","4.20","Analyze"
"XOM","Exxon Mobil Corp","Common stocks","Large cap","Energy","$302,064,993,963","4.79%","-51.05","1.25","1.88","Analyze"
"DIS","Walt Disney","Common stocks","Large cap","Communication Services","$286,989,697,630","0.56%","143.77","4.26","3.24","Analyze"
"CSCO","Cisco Systems Inc","Common stocks","Large cap","Information Technology","$263,052,120,835","2.35%","22.99","5.18","6.14","Analyze"
"KO","Coca-Cola","Common stocks","Large cap","Consumer Staples","$261,108,953,266","2.75%","29.67","6.91","11.79","Analyze"
"AVGO","Broadcom Inc.","Common stocks","Large cap","Information Technology","$256,828,251,794","2.95%","39.90","9.36","10.28","Analyze"
"ADBE","Adobe Inc","Common stocks","Large cap","Information Technology","$252,439,596,000","0.00%","52.60","15.99","17.14","Analyze"
"LLY","Eli Lilly","Common stocks","Large cap","Health Care","$250,933,316,532","1.29%","40.99","9.04","31.56","Analyze"
"ACN","Accenture Plc Class A","Common stocks","Large cap","Information Technology","$246,947,208,731","0.96%","40.07","4.60","11.86","Analyze"
"CVX","Chevron Corp","Common stocks","Large cap","Energy","$246,685,967,054","4.08%","24.78","1.83","1.81","Analyze"
"TMO","Thermo Fisher Scientific Inc","Common stocks","Large cap","Health Care","$244,506,837,984","0.17%","28.76","6.26","6.36","Analyze"
"ABBV","Abbvie Inc","Common stocks","Large cap","Health Care","$242,050,032,618","3.73%","32.20","4.39","17.91","Analyze"
"PEP","Pepsico Inc","Common stocks","Large cap","Consumer Staples","$240,706,050,847","2.42%","29.53","3.14","15.15","Analyze"
"ABT","Abbott Laboratories","Common stocks","Large cap","Health Care","$239,956,541,693","1.32%","32.64","5.67","6.87","Analyze"
"NFLX","Netflix Inc","Common stocks","Large cap","Communication Services","$238,940,412,127","0.00%","46.99","8.34","15.50","Analyze"
"ORCL","Oracle Corp","Common stocks","Large cap","Information Technology","$236,281,150,560","1.44%","22.98","5.71","-23.35","Analyze"
"NKE","Nike Inc Class B","Common stocks","Large cap","Consumer Discretionary","$235,945,451,405","0.75%","39.02","5.10","16.13","Analyze"
"CMCSA","Comcast A Corp","Common stocks","Large cap","Communication Services","$233,171,739,184","1.94%","16.04","2.05","2.43","Analyze"
"COST","Costco Wholesale Corp","Common stocks","Large cap","Consumer Staples","$231,485,060,667","0.59%","45.14","1.17","13.27","Analyze"
"CRM","Salesforce.Com Inc","Common stocks","Large cap","Information Technology","$231,317,400,000","0.00%","134.71","9.26","4.11","Analyze"
"WFC","Wells Fargo","Common stocks","Large cap","Financials","$230,205,373,359","1.07%","13.21","3.06","1.23","Analyze"
"INTC","Intel Corporation Corp","Common stocks","Large cap","Information Technology","$227,385,970,000","2.46%","10.74","2.90","2.52","Analyze"
"PYPL","Paypal Holdings Inc","Common stocks","Large cap","Information Technology","$225,022,626,541","0.00%","44.57","9.16","9.96","Analyze"
"VZ","Verizon Communications Inc","Common stocks","Large cap","Communication Services","$224,958,701,104","5.84%","10.18","1.68","2.91","Analyze"
"DHR","Danaher Corp","Common stocks","Large cap","Health Care","$218,181,755,106","0.27%","38.27","7.77","5.04","Analyze"
"QCOM","Qualcomm Inc","Common stocks","Large cap","Information Technology","$207,648,000,000","1.46%","23.09","6.19","20.98","Analyze"
"MRK","Merck & Co Inc","Common stocks","Large cap","Health Care","$206,293,841,253","3.19%","28.50","4.20","5.73","Analyze"
"MCD","Mcdonalds Corp","Common stocks","Large cap","Consumer Discretionary","$195,867,971,325","1.99%","26.77","8.69","-34.36","Analyze"
"MS","Morgan Stanley","Common stocks","Large cap","Financials","$190,064,114,168","1.97%","12.99","3.45","1.75","Analyze"
"T","AT&T Inc.","Common stocks","Large cap","Communication Services","$188,067,600,000","7.71%","200.06","1.08","1.15","Analyze"
"UPS","United Parcel Service Inc Class B","Common stocks","Large cap","Industrials","$182,621,788,000","1.92%","23.88","1.93","12.79","Analyze"
"SCHW","Charles Schwab Corporation","Common stocks","Large cap","Financials","$176,464,396,790","0.76%","34.62","9.81","2.99","Analyze"
"LIN","Linde Plc","Common stocks","Large cap","Materials","$172,438,788,150","1.25%","49.00","5.79","3.95","Analyze"
"TXN","Texas Instrument Inc","Common stocks","Large cap","Information Technology","$170,519,849,318","2.26%","23.52","9.70","14.14","Analyze"
"LOW","Lowes Companies Inc","Common stocks","Large cap","Consumer Discretionary","$168,099,923,656","1.12%","20.65","1.77","-107.18","Analyze"
"NEE","Nextera Energy Inc","Common stocks","Large cap","Utilities","$166,109,541,230","1.81%","70.66","10.12","4.56","Analyze"
"AMD","Advanced Micro Devices Inc","Common stocks","Large cap","Information Technology","$165,816,991,576","0.00%","41.83","11.16","23.26","Analyze"
"INTU","Intuit Inc","Common stocks","Large cap","Information Technology","$158,595,317,770","0.44%","78.14","15.37","16.79","Analyze"
"UNP","Union Pacific Corp","Common stocks","Large cap","Industrials","$158,417,429,994","1.73%","25.64","7.47","11.41","Analyze"
"PM","Philip Morris International Inc","Common stocks","Large cap","Consumer Staples","$157,224,027,403","4.81%","17.59","5.11","-14.97","Analyze"
"HON","Honeywell International Inc","Common stocks","Large cap","Industrials","$148,912,773,722","0.85%","27.45","4.30","8.42","Analyze"
"BMY","Bristol Myers Squibb","Common stocks","Large cap","Health Care","$145,342,350,344","3.03%","-26.62","3.20","3.87","Analyze"
"MDT","Medtronic Plc","Common stocks","Large cap","Health Care","$145,064,339,316","2.27%","31.14","4.56","2.82","Analyze"
"CVS","CVS Health Corp","Common stocks","Large cap","Health Care","$139,979,019,988","1.87%","18.43","0.49","1.88","Analyze"
"TMUS","T Mobile US Inc","Common stocks","Large cap","Communication Services","$138,607,470,113","0.00%","41.31","1.74","2.02","Analyze"
"C","Citigroup Inc","Common stocks","Large cap","Financials","$136,017,553,631","3.01%","6.34","1.90","0.68","Analyze"
"AXP","American Express","Common stocks","Large cap","Financials","$135,841,589,364","0.98%","17.54","3.40","5.53","Analyze"
"RTX","Raytheon Technologies Corporation","Common stocks","Large cap","Industrials","$135,787,676,754","2.19%","41.14","2.13","1.91","Analyze"
"AMAT","Applied Material Inc","Common stocks","Large cap","Information Technology","$135,453,844,658","0.77%","24.08","5.87","11.58","Analyze"
"GS","Goldman Sachs Group Inc","Common stocks","Large cap","Financials","$134,938,310,589","1.60%","6.02","2.24","1.23","Analyze"
"BLK","Blackrock Inc","Common stocks","Large cap","Financials","$134,931,317,440","1.85%","23.16","7.20","3.65","Analyze"
"AMGN","Amgen Inc","Common stocks","Large cap","Health Care","$130,891,730,307","2.99%","23.27","5.08","15.89","Analyze"
"BA","Boeing","Common stocks","Large cap","Industrials","$126,954,786,368","0.00%","-15.07","2.02","-8.85","Analyze"
"EL","Estee Lauder Inc Class A","Common stocks","Large cap","Consumer Staples","$123,152,498,715","0.64%","26.35","7.23","13.17","Analyze"
"SBUX","Starbucks Corp","Common stocks","Large cap","Consumer Discretionary","$122,059,728,000","1.76%","29.02","4.20","-22.90","Analyze"
"IBM","International Business Machines Co","Common stocks","Large cap","Information Technology","$119,094,048,100","4.84%","25.12","1.60","5.39","Analyze"
"CAT","Caterpillar Inc","Common stocks","Large cap","Industrials","$118,980,104,920","1.93%","23.36","2.46","7.22","Analyze"
"AMT","American Tower Corporation","REITs","Large cap","Real Estate","$118,630,713,932","1.99%","47.64","13.13","21.83","Analyze"
"DE","Deere & Company","Common stocks","Large cap","Industrials","$117,284,212,705","1.02%","19.44","2.66","6.29","Analyze"
"ISRG","Intuitive Surgical Inc","Common stocks","Large cap","Health Care","$117,180,835,145","0.00%","55.42","21.35","10.12","Analyze"
"NOW","Servicenow Inc","Common stocks","Large cap","Information Technology","$115,109,560,000","0.00%","517.13","20.81","32.29","Analyze"
"PLD","Prologis, Inc","REITs","Large cap","Real Estate","$113,109,637,730","1.64%","57.60","24.62","3.49","Analyze"
"GE","General Electric","Common stocks","Large cap","Industrials","$111,779,378,259","0.31%","-268.60","1.48","3.00","Analyze"
"COP","ConocoPhillips","Common stocks","Large cap","Energy","$110,250,768,613","2.07%","23.79","3.05","2.52","Analyze"
"ANTM","Anthem Inc","Common stocks","Large cap","Health Care","$110,126,929,941","0.99%","19.87","0.82","3.07","Analyze"
"CHTR","Charter Communications Inc Class A","Common stocks","Large cap","Communication Services","$109,744,065,783","0.00%","25.66","2.15","6.46","Analyze"
"TGT","Target Corp","Common stocks","Large cap","Consumer Discretionary","$109,024,647,541","1.38%","15.86","1.05","7.79","Analyze"
"SPGI","S&P Global Inc","Common stocks","Large cap","Financials","$106,285,820,000","0.70%","38.51","13.16","58.50","Analyze"
"MU","Micron Technology Inc","Common stocks","Large cap","Information Technology","$105,483,003,762","0.21%","14.46","3.56","2.32","Analyze"
"MMM","3M","Common stocks","Large cap","Industrials","$103,564,674,522","3.27%","17.39","2.93","7.18","Analyze"
"BKNG","Booking Holdings Inc","Common stocks","Large cap","Consumer Discretionary","$101,402,991,129","0.00%","261.87","11.00","18.04","Analyze"
"SYK","Stryker Corp","Common stocks","Large cap","Health Care","$101,125,907,262","0.96%","53.20","6.07","7.13","Analyze"
"ZTS","Zoetis Inc","Common stocks","Large cap","Health Care","$100,681,174,922","0.47%","50.80","13.22","21.52","Analyze"
"LMT","Lockheed Martin Corp","Common stocks","Large cap","Industrials","$100,424,874,262","2.88%","16.45","1.51","10.35","Analyze"
"ADP","Automatic Data Processing Inc","Common stocks","Large cap","Information Technology","$99,143,237,402","1.62%","36.66","6.45","18.48","Analyze"
"F","Ford Motor Company","Common stocks","Large cap","Consumer Discretionary","$95,583,232,547","0.41%","33.50","0.71","2.62","Analyze"
"LRCX","Lam Research Corp","Common stocks","Large cap","Information Technology","$94,787,090,807","0.83%","22.66","6.02","16.60","Analyze"
"PNC","PNC Financial Services Group, Inc.","Common stocks","Large cap","Financials","$94,603,918,239","2.12%","16.92","5.19","1.69","Analyze"
"MDLZ","Mondelez International Inc","Common stocks","Large cap","Consumer Staples","$93,825,825,598","1.96%","21.10","3.31","3.39","Analyze"
"USB","US Bancorp","Common stocks","Large cap","Financials","$92,111,391,819","2.80%","12.44","4.04","1.72","Analyze"
"MO","Altria Group Inc","Common stocks","Large cap","Consumer Staples","$90,894,206,913","7.02%","32.80","4.31","-71.75","Analyze"
"GILD","Gilead Sciences Inc","Common stocks","Large cap","Health Care","$90,779,735,487","3.87%","12.26","3.30","4.22","Analyze"
"MRNA","Moderna, Inc.","Common stocks","Large cap","Health Care","$89,762,470,783","0.00%","12.80","7.59","8.93","Analyze"
"GM","General Motors","Common stocks","Large cap","Consumer Discretionary","$89,231,333,669","0.00%","8.10","0.68","1.64","Analyze"
"TJX","TJX Companies, Inc.","Common stocks","Large cap","Consumer Discretionary","$88,523,505,619","1.39%","46.52","1.94","13.59","Analyze"
"TFC","Truist Financial Corporation","Common stocks","Large cap","Financials","$87,648,977,597","2.80%","15.43","3.92","1.29","Analyze"
"CB","Chubb Ltd","Common stocks","Large cap","Financials","$85,924,270,534","1.58%","9.67","2.13","1.44","Analyze"
"SHW","Sherwin Williams","Common stocks","Large cap","Materials","$85,082,665,602","0.68%","42.86","4.33","31.34","Analyze"
"MMC","Marsh & McLennan Inc","Common stocks","Large cap","Financials","$83,676,309,173","1.20%","30.95","4.38","8.63","Analyze"
"CSX","CSX Corp","Common stocks","Large cap","Industrials","$81,838,201,533","1.02%","22.90","6.87","6.28","Analyze"
"CCI","Crown Castle International Corp.","REITs","Large cap","Real Estate","$81,077,007,292","2.88%","65.49","13.12","9.61","Analyze"
"CME","CME Group Inc Class A","Common stocks","Large cap","Financials","$80,303,480,001","1.60%","33.38","17.30","2.98","Analyze"
"CI","Cigna Corp","Common stocks","Large cap","Health Care","$79,589,065,889","1.66%","9.44","0.47","1.67","Analyze"
"DUK","Duke Energy Corp","Common stocks","Large cap","Utilities","$79,418,720,242","3.72%","26.44","3.22","1.62","Analyze"
"HCA","HCA Healthcare, Inc.","Common stocks","Large cap","Health Care","$77,858,337,524","0.76%","11.81","1.34","-111.57","Analyze"
"ITW","Illinois Tool Inc","Common stocks","Large cap","Industrials","$76,627,701,394","1.92%","28.34","5.38","22.13","Analyze"
"EW","Edwards Lifesciences Corp","Common stocks","Large cap","Health Care","$76,131,348,442","0.00%","51.67","14.94","13.78","Analyze"
"BDX","Becton Dickinson","Common stocks","Large cap","Health Care","$74,607,251,664","1.28%","37.29","3.68","3.15","Analyze"
"ICE","Intercontinental Exchange Inc","Common stocks","Large cap","Financials","$74,341,202,135","1.00%","24.60","8.19","3.49","Analyze"
"NSC","Norfolk Southern Corp","Common stocks","Large cap","Industrials","$72,746,381,409","1.44%","24.05","6.70","5.05","Analyze"
"FISV","Fiserv Inc","Common stocks","Large cap","Information Technology","$72,275,589,158","0.00%","55.06","4.57","2.27","Analyze"
"SO","Southern Co","Common stocks","Large cap","Utilities","$71,695,735,932","3.81%","23.98","3.19","2.48","Analyze"
"FIS","Fidelity National Information Services","Common stocks","Large cap","Information Technology","$71,580,563,276","1.32%","311.11","5.29","1.52","Analyze"
"CL","Colgate-Palmolive","Common stocks","Large cap","Consumer Staples","$70,099,725,630","2.13%","26.21","4.04","118.18","Analyze"
"EQIX","Equinix, Inc.","REITs","Large cap","Real Estate","$69,050,795,456","1.49%","160.86","10.63","6.51","Analyze"
"MCO","Moodys Corp","Common stocks","Large cap","Financials","$68,385,174,000","0.67%","32.99","11.46","28.53","Analyze"
"FDX","FedEx Corporation","Common stocks","Large cap","Industrials","$67,710,265,655","1.13%","13.82","0.76","2.72","Analyze"
"COF","Capital One Financial Corp","Common stocks","Large cap","Financials","$67,465,352,414","1.26%","5.56","2.25","1.06","Analyze"
"ETN","Eaton Corporation, PLC","Common stocks","Large cap","Industrials","$66,869,136,000","1.80%","33.05","3.43","4.28","Analyze"
"WM","Waste Management Inc","Common stocks","Large cap","Industrials","$66,704,726,287","1.43%","38.15","3.85","9.30","Analyze"
"ILMN","Illumina Inc","Common stocks","Large cap","Health Care","$66,239,940,000","0.00%","71.31","15.48","6.10","Analyze"
"REGN","Regeneron Pharmaceuticals Inc","Common stocks","Large cap","Health Care","$66,190,068,886","0.00%","9.54","4.89","3.87","Analyze"
"APD","Air Products And Chemicals Inc","Common stocks","Large cap","Materials","$65,959,962,094","2.00%","31.66","6.39","4.91","Analyze"
"ECL","Ecolab Inc","Common stocks","Large cap","Materials","$64,941,883,112","0.86%","57.48","5.22","9.36","Analyze"
"KLAC","KLA-Tencor Corporation","Common stocks","Large cap","Information Technology","$64,531,909,646","0.91%","24.13","8.65","17.04","Analyze"
"D","Dominion Energy Inc","Common stocks","Large cap","Utilities","$63,975,601,948","3.14%","24.54","4.70","2.38","Analyze"
"ADI","Analog Devices Inc","Common stocks","Large cap","Information Technology","$63,933,056,028","1.58%","46.01","8.74","1.68","Analyze"
"PGR","Progressive Corp","Common stocks","Large cap","Financials","$63,725,131,560","1.74%","15.86","1.37","3.46","Analyze"
"PSA","Public Storage","REITs","Large cap","Real Estate","$63,627,402,096","2.18%","42.09","19.57","7.15","Analyze"
"NOC","Northrop Grumman Corp","Common stocks","Large cap","Industrials","$63,510,179,786","1.53%","13.56","1.71","5.49","Analyze"
"AON","Aon Plc","Common stocks","Large cap","Financials","$63,389,633,206","0.69%","69.20","5.25","28.70","Analyze"
"FCX","Freeport-McMoRan, Inc.","Common stocks","Large cap","Materials","$63,129,676,453","0.52%","16.97","2.98","4.97","Analyze"
"BSX","Boston Scientific Corp","Common stocks","Large cap","Health Care","$61,844,673,502","0.00%","57.48","5.39","3.84","Analyze"
"NXPI","NXP Semiconductors Nv","Common stocks","Large cap","Information Technology","$60,510,451,477","0.98%","38.60","5.75","9.04","Analyze"
"EOG","EOG Resources Inc","Common stocks","Large cap","Energy","$59,796,196,058","1.53%","19.93","3.59","2.96","Analyze"
"ADSK","Autodesk Inc","Common stocks","Large cap","Information Technology","$59,531,405,843","0.00%","44.96","14.13","46.34","Analyze"
"GD","General Dynamics Corp","Common stocks","Large cap","Industrials","$59,077,966,371","2.19%","17.89","1.53","3.76","Analyze"
"VRTX","Vertex Pharmaceuticals Inc","Common stocks","Large cap","Health Care","$57,499,075,779","0.00%","26.42","8.06","6.03","Analyze"
"EMR","Emerson Electric","Common stocks","Large cap","Industrials","$57,336,462,000","2.09%","25.04","3.14","5.83","Analyze"
"MET","Metlife Inc","Common stocks","Large cap","Financials","$57,198,893,124","2.76%","10.73","0.86","0.82","Analyze"
"JCI","Johnson Controls International Plc","Common stocks","Large cap","Industrials","$56,036,685,346","1.44%","34.43","2.37","3.21","Analyze"
"EXC","Exelon Corp","Common stocks","Large cap","Utilities","$54,387,052,549","2.72%","32.71","1.56","1.62","Analyze"
"MAR","Marriott International Inc","Common stocks","Large cap","Consumer Discretionary","$53,802,848,120","0.00%","114.97","4.65","58.49","Analyze"
"SPG","Simon Property Group, Inc","REITs","Large cap","Real Estate","$53,179,144,508","3.56%","26.41","10.80","15.75","Analyze"
"DG","Dollar General Corp","Common stocks","Large cap","Consumer Discretionary","$52,979,692,140","0.73%","21.67","1.56","8.56","Analyze"
"FTNT","Fortinet Inc","Common stocks","Large cap","Information Technology","$52,901,992,052","0.00%","94.20","16.92","46.91","Analyze"
"INFO","IHS Markit Ltd","Common stocks","Large cap","Industrials","$52,375,883,213","0.32%","81.01","11.41","5.64","Analyze"
"TEL","TE Connectivity Ltd","Common stocks","Large cap","Information Technology","$52,294,978,272","1.23%","23.19","3.50","4.93","Analyze"
"SNPS","Synopsys Inc","Common stocks","Large cap","Information Technology","$52,227,340,808","0.00%","68.58","12.42","9.81","Analyze"
"BK","Bank Of New York Mellon Corp","Common stocks","Large cap","Financials","$52,084,534,443","2.04%","15.30","3.37","1.20","Analyze"
"ATVI","Activision Blizzard Inc","Common stocks","Large cap","Communication Services","$51,289,813,256","0.71%","19.11","5.67","2.98","Analyze"
"AIG","American International Group Inc","Common stocks","Large cap","Financials","$51,287,483,246","2.05%","9.16","1.08","0.79","Analyze"
"SLB","Schlumberger Nv","Common stocks","Large cap","Energy","$51,168,036,737","1.36%","30.91","2.30","3.83","Analyze"
"HUM","Humana Inc","Common stocks","Large cap","Health Care","$50,341,740,413","0.71%","19.01","0.62","3.12","Analyze"
"MNST","Monster Beverage Corp","Common stocks","Large cap","Consumer Staples","$50,045,977,497","0.00%","32.55","9.42","7.96","Analyze"
"IQV","IQVIA Holdings, Inc.","Common stocks","Large cap","Health Care","$49,874,775,198","0.00%","65.17","3.68","8.57","Analyze"
"PXD","Pioneer Natural Resource","Common stocks","Large cap","Energy","$49,803,275,004","1.56%","37.78","3.48","2.16","Analyze"
"XLNX","Xilinx Inc","Common stocks","Large cap","Information Technology","$49,704,980,816","0.18%","61.33","14.33","14.44","Analyze"
"APH","Amphenol Corp","Common stocks","Large cap","Information Technology","$49,403,075,071","0.77%","33.42","4.81","8.34","Analyze"
"NEM","Newmont Corporation","Common stocks","Large cap","Materials","$48,571,784,367","3.56%","24.10","3.98","2.16","Analyze"
"ROP","Roper Technologies Inc","Common stocks","Large cap","Industrials","$48,524,486,916","0.50%","43.70","7.98","4.32","Analyze"
"KMB","Kimberly Clark Corp","Common stocks","Large cap","Consumer Staples","$48,197,631,587","3.15%","24.14","2.50","101.65","Analyze"
"STZ","Constellation Brands Class A","Common stocks","Large cap","Consumer Staples","$47,231,991,202","1.19%","50.82","5.45","3.53","Analyze"
"IDXX","Idexx Laboratories Inc","Common stocks","Large cap","Health Care","$47,065,540,056","0.00%","62.14","15.01","62.31","Analyze"
"MCHP","Microchip Technology Inc","Common stocks","Large cap","Information Technology","$46,947,610,942","0.64%","73.09","7.77","8.29","Analyze"
"WBA","Walgreen Boots Alliance Inc","Common stocks","Large cap","Consumer Staples","$46,901,569,227","3.43%","7.24","0.35","1.52","Analyze"
"CDNS","Cadence Design Systems Inc","Common stocks","Large cap","Information technology","$46,900,571,430","0.00%","68.05","15.76","17.92","Analyze"
"CNC","Centene Corp","Common stocks","Large cap","Health Care","$46,691,904,619","0.00%","63.68","0.38","1.77","Analyze"
"DXCM","Dexcom Inc","Common stocks","Large cap","Health Care","$46,635,975,100","0.00%","89.80","20.11","22.25","Analyze"
"PAYX","Paychex Inc","Common stocks","Large cap","Information Technology","$46,454,677,602","2.00%","36.18","10.72","14.84","Analyze"
"CTSH","Cognizant Technology Solutions","Common stocks","Large cap","Information Technology","$46,206,395,040","1.09%","24.65","2.58","4.01","Analyze"
"KHC","Kraft Heinz","Common stocks","Large cap","Consumer Staples","$46,011,756,109","4.19%","19.84","1.75","0.91","Analyze"
"TT","Trane Technologies plc","Common stocks","Large cap","Industrials","$45,959,273,639","1.21%","34.35","3.34","7.16","Analyze"
"ORLY","Oreilly Automotive Inc","Common stocks","Large cap","Consumer Discretionary","$45,925,114,714","0.00%","22.59","3.57","-327.01","Analyze"
"MSCI","MSCI Inc","Common stocks","Large cap","Financials","$45,619,415,790","0.66%","66.97","23.55","-164.61","Analyze"
"CARR","Carrier Global Corporation","Common stocks","Large cap","Industrials","$45,530,372,327","0.97%","20.65","2.27","6.66","Analyze"
"AEP","American Electric Power Inc","Common stocks","Large cap","Utilities","$45,212,811,044","3.30%","19.07","2.77","2.04","Analyze"
"DLR","Digital Realty Trust, Inc","REITs","Large cap","Real Estate","$45,130,719,128","2.89%","67.52","10.31","2.61","Analyze"
"MPC","Marathon Petroleum Corp","Common stocks","Large cap","Energy","$44,747,068,532","3.15%","4.86","0.44","1.59","Analyze"
"CMG","Chipotle Mexican Grill Inc","Common stocks","Large cap","Consumer Discretionary","$44,499,239,484","0.00%","61.54","6.19","18.92","Analyze"
"A","Agilent Technologies Inc","Common stocks","Large cap","Health Care","$44,285,396,872","0.54%","37.32","7.01","8.38","Analyze"
"ALGN","Align Technology Inc","Common stocks","Large cap","Health Care","$44,129,331,535","0.00%","57.48","11.75","12.10","Analyze"
"DOW","Dow Inc.","Common stocks","Large cap","Materials","$43,770,380,902","4.65%","7.56","0.85","2.67","Analyze"
"PRU","Prudential Financial Inc","Common stocks","Large cap","Financials","$43,617,420,000","3.92%","5.99","0.62","0.71","Analyze"
"LHX","L3Harris Technologies, Inc.","Common stocks","Large cap","Industrials","$43,565,978,627","1.83%","27.77","2.40","2.22","Analyze"
"TROW","T Rowe Price Group Inc","Common stocks","Large cap","Financials","$43,529,840,306","2.20%","13.10","5.85","4.92","Analyze"
"DD","DuPont de Nemours, Inc.","Common stocks","Large cap","Materials","$43,429,397,137","1.44%","6.75","2.46","1.64","Analyze"
"SRE","Sempra Energy","Common stocks","Large cap","Utilities","$43,377,560,483","4.01%","40.88","3.56","1.77","Analyze"
"GPN","Global Payments Inc","Common stocks","Large cap","Information Technology","$43,261,514,249","0.60%","45.93","5.24","1.65","Analyze"
"MSI","Motorola Solutions Inc","Common stocks","Large cap","Information Technology","$43,246,201,802","1.14%","34.54","5.32","-164.95","Analyze"
"BAX","Baxter International Inc","Common stocks","Large cap","Health Care","$43,239,885,565","1.25%","35.65","3.47","4.94","Analyze"
"APTV","Aptiv Plc","Common stocks","Large cap","Consumer Discretionary","$43,201,108,158","0.00%","54.37","2.75","5.21","Analyze"
"EBAY","Ebay Inc","Common stocks","Large cap","Consumer Discretionary","$43,183,207,126","1.08%","3.35","3.90","3.82","Analyze"
"SIVB","SVB Financial Group","Common stocks","Large cap","Financials","$43,044,267,662","0.00%","24.22","7.73","3.03","Analyze"
"HLT","Hilton Worldwide Holdings Inc","Common stocks","Large cap","Consumer Discretionary","$42,505,056,505","0.00%","1,072.01","8.78","-37.06","Analyze"
"HPQ","HP Inc","Common stocks","Large cap","Information Technology","$42,431,897,087","2.11%","6.49","0.67","-25.59","Analyze"
"CTAS","Cintas Corp","Common stocks","Large cap","Industrials","$42,022,066,538","0.84%","36.63","5.65","11.83","Analyze"
"RSG","Republic Services Inc","Common stocks","Large cap","Industrials","$41,888,222,420","1.33%","34.47","3.84","4.71","Analyze"
"AFL","Aflac Inc","Common stocks","Large cap","Financials","$41,821,814,005","2.07%","9.89","1.85","1.25","Analyze"
"GIS","General Mills Inc","Common stocks","Large cap","Consumer Staples","$41,337,755,151","2.95%","18.43","2.22","4.20","Analyze"
"PH","Parker-Hannifin Corp","Common stocks","Large cap","Industrials","$41,300,850,446","1.23%","22.27","2.78","4.92","Analyze"
"AZO","Autozone Inc","Common stocks","Large cap","Consumer Discretionary","$41,289,013,708","0.00%","18.55","2.73","-19.94","Analyze"
"HSY","Hershey Foods","Common stocks","Large cap","Consumer Staples","$40,385,792,260","1.74%","19.86","4.57","11.26","Analyze"
"SYY","Sysco Corp","Common stocks","Large cap","Consumer Staples","$40,207,636,981","2.35%","58.49","0.72","23.96","Analyze"
"TRV","Travelers Companies Inc","Common stocks","Large cap","Financials","$40,138,777,371","2.12%","11.05","1.17","1.41","Analyze"
"PPG","PPG Industries Inc","Common stocks","Large cap","Materials","$40,075,637,995","1.33%","28.06","2.45","6.40","Analyze"
"KMI","Kinder Morgan Inc","Common stocks","Large cap","Energy","$39,913,431,235","5.95%","22.81","2.61","1.31","Analyze"
"ADM","Archer-Daniels-Midland Company","Common stocks","Large cap","Consumer Staples","$39,429,420,005","2.08%","15.07","0.49","1.79","Analyze"
"MCK","Mckesson Corp","Common stocks","Large cap","Health Care","$38,907,996,362","0.70%","-8.09","0.16","-68.09","Analyze"
"ROK","Rockwell Automation Inc","Common stocks","Large cap","Industrials","$38,854,598,795","1.29%","28.63","5.55","16.26","Analyze"
"YUM","Yum Brands Inc","Common stocks","Large cap","Consumer Discretionary","$38,300,771,238","1.52%","24.01","5.95","-4.82","Analyze"
"ROST","Ross Stores Inc","Common stocks","Large cap","Consumer Discretionary","$37,781,548,564","1.06%","29.47","0.00","9.35","Analyze"
"PSX","Phillips 66","Common stocks","Large cap","Energy","$37,742,338,519","4.13%","-75.31","0.40","2.08","Analyze"
"DFS","Discover Financial Services","Common stocks","Large cap","Financials","$37,683,680,449","1.45%","7.51","3.15","2.82","Analyze"
"WELL","Welltower Inc","REITs","Large cap","Real Estate","$37,577,250,002","2.80%","85.15","8.30","2.23","Analyze"
"SBAC","SBA Communications Corporation","REITs","Large cap","Real Estate","$37,433,319,014","0.68%","125.92","16.64","-7.48","Analyze"
"ODFL","Old Dominion Freight Line Inc","Common stocks","Large cap","Industrials","$37,432,686,151","0.25%","39.45","7.61","10.91","Analyze"
"IFF","International Flavors & Fragrances","Common stocks","Large cap","Materials","$37,204,588,643","2.13%","150.20","3.76","1.74","Analyze"
"EA","Electronic Arts Inc","Common stocks","Large cap","Communication Services","$36,991,305,104","0.52%","47.74","5.78","4.77","Analyze"
"XEL","Xcel Energy Inc","Common stocks","Large cap","Utilities","$36,953,144,102","2.65%","23.53","2.84","2.44","Analyze"
"OTIS","Otis Worldwide Corporation","Common stocks","Large cap","Industrials","$36,632,075,542","0.83%","30.37","2.58","-9.58","Analyze"
"AMP","Ameriprise Finance Inc","Common stocks","Large cap","Financials","$36,479,437,037","1.35%","16.42","2.83","6.43","Analyze"
"MTD","Mettler Toledo Inc","Common stocks","Large cap","Health Care","$36,120,347,837","0.00%","47.52","9.98","225.22","Analyze"
"TDG","Transdigm Group Inc","Common stocks","Large cap","Industrials","$36,101,289,380","0.00%","53.51","7.52","-12.48","Analyze"
"MTCH","Match Group Inc","Common stocks","Large cap","Communication Services","$35,668,749,312","1.59%","59.85","12.61","-513.89","Analyze"
"ALL","Allstate Corp","Common stocks","Large cap","Financials","$35,496,227,397","2.59%","10.78","0.72","1.33","Analyze"
"BIIB","Biogen Inc","Common stocks","Large cap","Health Care","$35,477,527,802","0.00%","21.41","3.20","3.17","Analyze"
"FRC","First Republic Bank","Common stocks","Large cap","Financials","$35,347,003,560","0.42%","23.48","7.55","2.05","Analyze"
"CTVA","Corteva, Inc.","Common stocks","Large cap","Materials","$35,286,484,690","1.11%","21.70","2.29","1.44","Analyze"
"CBRE","CBRE Group Inc","Common stocks","Large cap","Real Estate","$35,233,622,372","0.00%","24.44","1.35","4.48","Analyze"
"DHI","D R Horton Inc","Common stocks","Large cap","Consumer Discretionary","$35,165,788,832","0.83%","8.48","1.27","2.38","Analyze"
"STT","State Street Corp","Common stocks","Large cap","Financials","$35,157,543,718","2.11%","14.74","3.26","1.30","Analyze"
"KEYS","Keysight Technologies Inc","Common stocks","Large cap","Information Technology","$35,089,243,033","0.00%","38.98","7.10","9.21","Analyze"
"KR","Kroger","Common stocks","Large cap","Consumer Staples","$35,079,042,958","1.62%","31.83","0.24","3.65","Analyze"
"WMB","Williams Inc","Common stocks","Large cap","Energy","$35,077,910,297","5.55%","35.20","3.56","3.17","Analyze"
"AVB","AvalonBay Communities, Inc","REITs","Large cap","Real Estate","$34,824,835,172","2.53%","34.68","15.48","3.25","Analyze"
"RMD","Resmed Inc","Common stocks","Large cap","Health Care","$34,736,025,359","0.68%","71.20","10.37","11.76","Analyze"
"FAST","Fastenal","Common stocks","Large cap","Industrials","$34,676,598,613","1.84%","39.03","5.94","11.71","Analyze"
"VLO","Valero Energy Corp","Common stocks","Large cap","Energy","$34,280,866,318","4.58%","-78.39","0.36","1.97","Analyze"
"EQR","Equity Residential","REITs","Large cap","Real Estate","$33,957,718,902","2.63%","32.32","13.96","3.20","Analyze"
"AJG","Arthur J Gallagher","Common stocks","Large cap","Financials","$33,941,772,500","1.17%","36.56","4.27","4.08","Analyze"
"DVN","Devon Energy Corp","Common stocks","Large cap","Energy","$33,714,600,000","2.33%","28.11","3.78","3.79","Analyze"
"VRSK","Verisk Analytics Inc","Common stocks","Large cap","Industrials","$33,631,155,735","0.55%","47.71","11.42","12.31","Analyze"
"FITB","Fifth Third Bancorp","Common stocks","Large cap","Financials","$33,538,294,878","2.30%","12.94","4.55","1.49","Analyze"
"PEG","Public Service Enterprise Group Inc","Common stocks","Large cap","Utilities","$33,292,250,191","3.07%","-50.44","3.67","2.37","Analyze"
"CMI","Cummins Inc","Common stocks","Large cap","Industrials","$33,239,171,157","2.39%","14.81","1.38","4.10","Analyze"
"TSN","Tyson Foods Inc Class A","Common stocks","Large cap","Consumer Staples","$33,132,734,640","1.96%","8.73","0.70","1.50","Analyze"
"LYB","Lyondellbasell Industries NV","Common stocks","Large cap","Materials","$33,055,429,158","4.44%","5.80","0.80","2.82","Analyze"
"AME","Ametek Inc","Common stocks","Large cap","Industrials","$32,982,342,168","0.56%","35.74","6.29","5.07","Analyze"
"CPRT","Copart Inc","Common stocks","Large cap","Industrials","$32,736,751,387","0.00%","33.48","11.25","8.80","Analyze"
"LEN","Lennar Corporation Class A","Common stocks","Large cap","Consumer Discretionary","$32,642,815,736","0.92%","6.62","1.20","1.40","Analyze"
"TWTR","Twitter Inc","Common stocks","Large cap","Communication Services","$32,512,137,274","0.00%","-177.83","6.77","4.49","Analyze"
"GLW","Corning Inc","Common stocks","Large cap","Information Technology","$32,463,657,780","2.50%","38.60","2.36","2.68","Analyze"
"OXY","Occidental Petroleum Corp","Common stocks","Large cap","Energy","$32,409,140,041","0.12%","-28.80","1.46","1.72","Analyze"
"ARE","Alexandria Real Estate Equities, Inc","REITs","Large cap","Real Estate","$32,328,662,071","2.13%","34.76","16.16","2.21","Analyze"
"ANSS","Ansys Inc","Common stocks","Large cap","Information Technology","$32,226,004,553","0.00%","69.14","17.19","7.44","Analyze"
"NDAQ","Nasdaq Inc","Common stocks","Large cap","Financials","$32,200,269,283","1.09%","28.05","5.47","5.09","Analyze"
"EFX","Equifax Inc","Common stocks","Large cap","Industrials","$32,109,579,786","0.59%","45.02","6.70","9.03","Analyze"
"PCAR","Paccar Inc","Common stocks","Large cap","Industrials","$32,072,241,099","1.42%","18.28","1.43","2.84","Analyze"
"EPAM","Epam Systems Inc","Common stocks","Large cap","Information Technology","$31,728,921,305","0.00%","76.23","9.40","13.85","Analyze"
"NUE","Nucor Corp","Common stocks","Large cap","Materials","$31,677,947,194","1.54%","6.45","1.01","2.44","Analyze"
"BF.B","Brown Forman Inc Class B","Common stocks","Large cap","Consumer Staples","$31,237,272,300","1.07%","27.06","8.62","7.10","Analyze"
"SWK","Stanley Black & Decker Inc","Common stocks","Large cap","Industrials","$30,899,684,481","1.56%","17.43","1.80","2.78","Analyze"
"DLTR","Dollar Tree Inc","Common stocks","Large cap","Consumer Discretionary","$30,843,725,249","0.00%","20.97","1.19","4.25","Analyze"
"AWK","American Water Works Inc","Common stocks","Large cap","Utilities","$30,554,618,366","1.39%","40.25","7.83","4.47","Analyze"
"WY","Weyerhaeuser Company","REITs","Large cap","Real Estate","$30,508,602,850","2.86%","12.38","3.03","2.97","Analyze"
"WEC","WEC Energy Group Inc","Common stocks","Large cap","Utilities","$30,067,219,495","2.81%","22.95","3.74","2.76","Analyze"
"ES","Eversource Energy","Common stocks","Large cap","Utilities","$29,783,897,494","2.75%","25.37","3.10","2.09","Analyze"
"LVS","Las Vegas Sands Corp","Common stocks","Large cap","Consumer Discretionary","$29,681,001,865","0.00%","-26.17","6.79","14.16","Analyze"
"WST","West Pharmaceutical Services Inc","Common stocks","Large cap","Health Care","$29,594,105,345","0.17%","48.31","11.04","13.50","Analyze"
"ED","Consolidated Edison Inc","Common stocks","Large cap","Utilities","$29,355,426,791","3.68%","25.23","2.22","1.47","Analyze"
"BLL","Ball Corp","Common stocks","Large cap","Materials","$29,101,892,253","0.78%","36.45","2.20","7.95","Analyze"
"WLTW","Willis Towers Watson PLC","Common stocks","Large cap","Financials","$28,853,764,096","1.38%","0.00","3.00","0.00","Analyze"
"O","Realty Income Corporation","REITs","Large cap","Real Estate","$28,816,336,500","3.92%","61.37","16.08","2.18","Analyze"
"ZBRA","Zebra Technologies Corp","Common stocks","Large cap","Information Technology","$28,781,983,808","0.00%","34.05","5.26","10.22","Analyze"
"ABC","AmerisourceBergen Corp","Common stocks","Large cap","Health Care","$28,399,797,108","1.30%","18.34","0.13","48.33","Analyze"
"VFC","VF Corp","Common stocks","Large cap","Consumer Discretionary","$28,221,406,387","2.72%","23.02","2.58","7.84","Analyze"
"EXR","Extra Space Storage Inc","REITs","Large cap","Real Estate","$28,125,312,348","2.12%","39.63","18.71","9.47","Analyze"
"ALB","Albemarle Corp","Common stocks","Large cap","Materials","$28,094,202,294","0.65%","132.93","8.48","4.95","Analyze"
"LH","Laboratory Corporation Of America","Common stocks","Large cap","Health Care","$27,938,658,000","0.00%","22.45","1.69","2.57","Analyze"
"BKR","Baker Hughes Company Class A","Common stocks","Large cap","Energy","$27,910,070,400","2.64%","166.10","1.36","1.64","Analyze"
"HES","Hess Corp","Common stocks","Large cap","Energy","$27,887,809,536","1.11%","143.98","4.25","5.06","Analyze"
"OKE","Oneok Inc","Common stocks","Large cap","Energy","$27,862,125,203","5.84%","19.53","2.04","4.77","Analyze"
"NTRS","Northern Trust Corporation","Common stocks","Large cap","Financials","$27,330,296,718","2.11%","20.70","4.98","2.32","Analyze"
"CDW","CDW Corp","Common stocks","Large cap","Information Technology","$27,201,609,272","0.85%","26.48","1.34","32.01","Analyze"
"CERN","Cerner Corp","Common stocks","Large cap","Health Care","$27,144,991,838","1.00%","78.26","4.76","7.06","Analyze"
"LUV","Southwest Airlines","Common stocks","Large cap","Industrials","$27,127,689,338","0.00%","13,383.66","2.13","2.61","Analyze"
"HRL","Hormel Foods Corp","Common stocks","Large cap","Consumer Staples","$26,960,300,766","1.47%","29.27","2.37","3.81","Analyze"
"ZBH","Zimmer Biomet Holdings Inc","Common stocks","Large cap","Health Care","$26,819,610,067","0.75%","32.02","3.40","2.06","Analyze"
"SYF","Synchrony Financial","Common stocks","Large cap","Financials","$26,684,357,471","1.79%","6.54","1.74","1.93","Analyze"
"EXPE","Expedia Inc","Common stocks","Large cap","Consumer Discretionary","$26,641,383,819","0.00%","-27.65","3.68","12.52","Analyze"
"VMC","Vulcan Materials","Common stocks","Large cap","Materials","$26,599,395,812","0.74%","40.31","5.19","4.19","Analyze"
"DAL","Delta Air Lines Inc","Common stocks","Large cap","Industrials","$26,387,769,716","0.01%","-382.22","1.08","9.97","Analyze"
"FTV","Fortive Corp","Common stocks","Large cap","Industrials","$26,326,771,210","0.38%","16.47","7.92","2.84","Analyze"
"VRSN","Verisign Inc","Common stocks","Large cap","Information Technology","$26,241,169,721","0.00%","43.24","20.07","-18.67","Analyze"
"TER","Teradyne Inc","Common stocks","Large cap","Information Technology","$26,168,716,744","0.25%","26.91","7.32","10.45","Analyze"
"MLM","Martin Marietta Materials Inc","Common stocks","Large cap","Materials","$26,158,598,353","0.56%","36.18","5.13","4.15","Analyze"
"GWW","W.W. Grainger Inc","Common stocks","Large cap","Industrials","$26,068,113,381","1.26%","28.28","2.07","14.37","Analyze"
"LYV","Live Nation Entertainment Inc","Common stocks","Large cap","Communication Services","$26,060,559,652","0.00%","-28.57","6.85","-63.26","Analyze"
"DOV","Dover Corp","Common stocks","Large cap","Industrials","$26,022,346,337","1.10%","27.68","3.38","6.71","Analyze"
"SWKS","Skyworks Solutions Inc","Common stocks","Large cap","Information Technology","$25,815,296,321","1.35%","17.23","5.05","4.87","Analyze"
"TSCO","Tractor Supply","Common stocks","Large cap","Consumer Discretionary","$25,699,409,839","0.92%","28.58","2.09","12.89","Analyze"
"MKC","McCormick & Co  Non-voting","Common stocks","Large cap","Consumer Staples","$25,395,459,272","1.45%","31.35","4.13","5.42","Analyze"
"GRMN","Garmin Ltd","Common stocks","Large cap","Consumer Discretionary","$25,344,199,617","0.51%","22.47","5.13","4.34","Analyze"
"BBY","Best Buy Inc","Common stocks","Large cap","Consumer Discretionary","$25,039,983,873","2.66%","22.58","0.00","5.77","Analyze"
"STX","Seagate Technology Plc","Common stocks","Large cap","Information Technology","$24,872,887,775","1.22%","19.19","2.24","39.95","Analyze"
"CHD","Church And Dwight Inc","Common stocks","Large cap","Consumer Staples","$24,859,186,626","0.99%","30.56","4.86","7.13","Analyze"
"HIG","Hartford Financial Services Group","Common stocks","Large cap","Financials","$24,641,582,757","1.97%","11.41","1.15","1.38","Analyze"
"KEY","Keycorp","Common stocks","Large cap","Financials","$24,607,870,473","2.80%","9.94","3.45","1.40","Analyze"
"HBAN","Huntington Bancshares Inc","Common stocks","Large cap","Financials","$24,604,305,845","3.50%","23.39","4.41","1.27","Analyze"
"MAA","Mid-America Apartment Communities, Inc","REITs","Large cap","Real Estate","$24,591,243,026","1.90%","58.36","14.15","4.21","Analyze"
"IT","Gartner Inc","Common stocks","Large cap","Information Technology","$24,480,908,497","0.00%","35.25","5.39","74.17","Analyze"
"IR","Ingersoll Rand Plc","Common stocks","Large cap","Industrials","$24,442,849,961","0.03%","30.79","4.46","2.83","Analyze"
"EIX","Edison International","Common stocks","Large cap","Utilities","$24,437,800,864","4.11%","38.83","1.66","1.65","Analyze"
"CCL","Carnival Corp","Common stocks","Large cap","Consumer Discretionary","$24,265,700,552","0.00%","-2.29","12.72","1.46","Analyze"
"HAL","Halliburton","Common stocks","Large cap","Energy","$24,257,202,621","0.66%","61.40","1.70","4.30","Analyze"
"URI","United Rentals Inc","Common stocks","Large cap","Industrials","$24,179,017,346","0.00%","19.99","2.62","4.38","Analyze"
"RF","Regions Financial Corp","Common stocks","Large cap","Financials","$23,507,949,483","2.61%","9.18","3.67","1.27","Analyze"
"STE","STERIS PLC","Common stocks","Large cap","Health Care","$23,480,399,720","0.71%","96.17","7.72","3.70","Analyze"
"CFG","Citizens Financial Group Inc","Common stocks","Large cap","Financials","$23,244,924,875","2.82%","11.04","3.50","1.00","Analyze"
"ETSY","Etsy Inc","Common stocks","Large cap","Consumer Discretionary","$23,176,787,993","0.00%","46.98","10.40","42.30","Analyze"
"PPL","PPL Corporation","Common stocks","Large cap","Utilities","$23,049,694,459","5.43%","-17.41","3.70","1.58","Analyze"
"DTE","DTE Energy","Common stocks","Large cap","Utilities","$23,010,926,081","2.96%","26.39","1.64","2.70","Analyze"
"DRE","Duke Realty Corporation","REITs","Large cap","Real Estate","$22,953,847,581","1.72%","24.96","20.72","3.85","Analyze"
"MTB","M&T Bank Corp","Common stocks","Large cap","Financials","$22,931,589,839","2.50%","12.87","3.81","1.32","Analyze"
"VIAC","ViacomCBS Inc. - Class B","Common stocks","Large cap","Communication Services","$22,799,267,650","2.72%","6.44","0.85","1.03","Analyze"
"K","Kellogg","Common stocks","Large cap","Consumer Staples","$22,711,956,224","3.42%","17.97","1.60","6.50","Analyze"
"FANG","Diamondback Energy Inc","Common stocks","Large cap","Energy","$22,530,866,914","1.40%","51.18","4.07","1.97","Analyze"
"COO","Cooper Companies, Inc.","Common stocks","Large cap","Health Care","$22,525,201,974","0.01%","7.06","7.71","2.99","Analyze"
"ESS","Essex Property Trust, Inc","REITs","Large cap","Real Estate","$22,523,643,918","2.39%","50.79","15.74","3.82","Analyze"
"PKI","Perkinelmer Inc","Common stocks","Large cap","Health Care","$22,521,686,264","0.16%","20.36","4.45","3.32","Analyze"
"FE","Firstenergy Corp","Common stocks","Large cap","Utilities","$22,517,195,442","3.71%","20.53","2.05","3.01","Analyze"
"RJF","Raymond James Inc","Common stocks","Large cap","Financials","$22,440,700,392","1.02%","16.10","2.31","2.72","Analyze"
"AEE","Ameren Corp","Common stocks","Large cap","Utilities","$22,364,088,679","2.51%","23.01","3.62","2.33","Analyze"
"CLX","Clorox","Common stocks","Large cap","Consumer Staples","$22,062,466,891","2.50%","51.17","3.05","60.77","Analyze"
"PAYC","Paycom Software Inc","Common stocks","Large cap","Information Technology","$22,041,480,737","0.00%","125.22","22.23","26.04","Analyze"
"HPE","Hewlett Packard Enterprise","Common stocks","Large cap","Information Technology","$22,040,216,015","3.48%","6.47","0.79","1.11","Analyze"
"SBNY","Signature Bank","Common stocks","Large cap","Financials","$21,870,780,457","0.62%","28.09","11.81","2.89","Analyze"
"ETR","Entergy Corp","Common stocks","Large cap","Utilities","$21,854,706,345","3.50%","17.60","1.92","1.95","Analyze"
"FOX","Fox Corporation Class B","Common stocks","Large cap","Communication Services","$21,415,229,872","1.31%","5.17","1.62","0.79","Analyze"
"FOXA","Fox Corporation Class A","Common stocks","Large cap","Communication Services","$21,415,229,872","1.20%","7.21","1.62","1.10","Analyze"
"EXPD","Expeditors International Of Washington","Common stocks","Large cap","Industrials","$21,165,313,521","0.93%","18.27","1.46","6.21","Analyze"
"NTAP","NetApp Inc","Common stocks","Large cap","Information Technology","$21,120,830,950","2.07%","22.35","3.49","27.73","Analyze"
"MGM","MGM Resorts International","Common stocks","Large cap","Consumer Discretionary","$21,079,744,943","0.02%","32.89","2.60","3.08","Analyze"
"WAT","Waters Corp","Common stocks","Large cap","Health Care","$21,022,111,769","0.00%","30.20","7.68","71.08","Analyze"
"XYL","Xylem Inc","Common stocks","Large cap","Industrials","$20,951,993,354","0.96%","45.35","3.99","6.77","Analyze"
"JBHT","JB Hunt Transport Services Inc","Common stocks","Large cap","Industrials","$20,903,015,402","0.59%","31.66","1.83","7.29","Analyze"
"MPWR","Monolithic Power Systems Inc","Common stocks","Large cap","Information Technology","$20,857,543,430","0.53%","97.49","18.89","17.80","Analyze"
"RCL","Royal Caribbean Cruises Ltd","Common stocks","Large cap","Consumer Discretionary","$20,823,974,195","0.00%","-3.98","35.66","3.24","Analyze"
"VTR","Ventas, Inc","REITs","Large cap","Real Estate","$20,813,031,009","3.41%","103.28","5.58","1.87","Analyze"
"ULTA","Ulta Beauty Inc","Common stocks","Large cap","Consumer Discretionary","$20,805,959,308","0.00%","23.95","2.57","10.46","Analyze"
"TYL","Tyler Technologies Inc","Common stocks","Large cap","Information Technology","$20,693,046,145","0.00%","128.49","14.35","9.39","Analyze"
"WDC","Western Digital Corp","Common stocks","Large cap","Information Technology","$20,573,345,244","0.00%","13.91","1.14","1.83","Analyze"
"GNRC","Generac Holdings Inc","Common stocks","Large cap","Industrials","$20,396,357,371","0.00%","37.79","5.94","11.29","Analyze"
"PFG","Principal Financial Group Inc","Common stocks","Large cap","Financials","$20,362,632,998","3.13%","11.85","1.46","1.26","Analyze"
"BIO","Bio Rad Laboratories Inc Class A","Common stocks","Large cap","Health Care","$20,179,064,071","0.00%","2.50","6.77","1.08","Analyze"
"CTLT","Catalent Inc","Common stocks","Large cap","Health Care","$20,171,086,989","0.00%","36.26","4.83","4.51","Analyze"
"POOL","Pool Corp","Common stocks","Large cap","Consumer Discretionary","$20,126,566,720","0.59%","34.14","3.95","20.87","Analyze"
"ENPH","Enphase Energy Inc","Common stocks","Large cap","Information Technology","$20,035,847,652","0.00%","121.43","16.23","31.09","Analyze"
"TDY","Teledyne Technologies Inc","Common stocks","Large cap","Information Technology","$20,001,540,503","0.00%","48.10","4.94","2.70","Analyze"
"TRMB","Trimble Inc","Common stocks","Large cap","Information Technology","$19,952,656,842","0.00%","35.63","5.60","5.12","Analyze"
"FLT","Fleetcor Technologies Inc","Common stocks","Large cap","Information Technology","$19,778,354,257","0.00%","24.00","7.47","6.23","Analyze"
"BR","Broadridge Financial Solutions Inc","Common stocks","Large cap","Information Technology","$19,578,120,740","1.44%","36.20","3.79","11.33","Analyze"
"GPC","Genuine Parts","Common stocks","Large cap","Consumer Discretionary","$19,570,172,393","2.35%","24.30","1.07","6.21","Analyze"
"NVR","NVR, Inc.","Common stocks","Large cap","Consumer Discretionary","$19,390,159,095","0.00%","16.06","2.14","6.43","Analyze"
"DGX","Quest Diagnostics Inc","Common stocks","Large cap","Health Care","$19,367,892,845","1.53%","8.28","1.75","2.82","Analyze"
"PEAK","Healthpeak Properties, Inc.","REITs","Large cap","Real Estate","$19,363,474,250","3.30%","31.31","15.05","2.91","Analyze"
"BRO","Brown & Brown Inc","Common stocks","Large cap","Financials","$19,303,874,446","0.55%","33.65","6.54","4.77","Analyze"
"BXP","Boston Properties, Inc","REITs","Large cap","Real Estate","$19,286,871,376","3.13%","60.30","6.83","3.38","Analyze"
"KMX","Carmax Inc","Common stocks","Large cap","Consumer Discretionary","$19,264,156,034","0.00%","16.05","0.66","3.77","Analyze"
"CINF","Cincinnati Financial Corp","Common stocks","Large cap","Financials","$19,253,126,441","2.09%","7.59","2.14","1.62","Analyze"
"CZR","Caesars Entertainment Corp","Common stocks","Large cap","Consumer Discretionary","$19,235,389,199","0.00%","-16.49","2.29","3.84","Analyze"
"IP","International Paper","Common stocks","Large cap","Materials","$18,790,008,960","3.91%","10.44","0.86","1.95","Analyze"
"CE","Celanese Corporation","Common stocks","Large cap","Materials","$18,634,334,344","1.58%","6.67","2.37","4.80","Analyze"
"DISH","Dish Network Corp Class A","Common stocks","Large cap","Communication Services","$18,609,632,057","0.00%","4.08","1.03","0.71","Analyze"
"AMCR","Amcor plc","Common stocks","Large cap","Materials","$18,566,675,355","3.86%","19.72","1.41","4.00","Analyze"
"DRI","Darden Restaurants Inc","Common stocks","Large cap","Consumer Discretionary","$18,532,705,533","2.86%","19.90","2.16","7.21","Analyze"
"VTRS","Viatris Inc.","Common stocks","Large cap","Health Care","$18,527,907,133","2.14%","-9.55","1.08","0.87","Analyze"
"CMS","CMS Energy Corp","Common stocks","Large cap","Utilities","$18,502,972,235","2.70%","21.38","2.58","2.00","Analyze"
"AKAM","Akamai Technologies Inc","Common stocks","Large cap","Information Technology","$18,428,472,073","0.00%","30.67","5.42","4.05","Analyze"
"HOLX","Hologic Inc","Common stocks","Large cap","Health Care","$18,185,246,863","0.00%","9.69","3.23","4.30","Analyze"
"BEN","Franklin Resources Inc","Common stocks","Large cap","Financials","$18,082,636,457","3.10%","9.75","2.15","1.50","Analyze"
"CRL","Charles River Laboratories International","Common stocks","Large cap","Health Care","$18,063,731,622","0.00%","45.79","5.27","7.48","Analyze"
"UDR","UDR, Inc","REITs","Large cap","Real Estate","$18,007,014,713","2.47%","331.98","14.46","5.88","Analyze"
"DPZ","Dominos Pizza Inc","Common stocks","Large cap","Consumer Discretionary","$17,699,256,068","0.77%","34.97","4.05","-4.29","Analyze"
"AVY","Avery Dennison Corp","Common stocks","Large cap","Materials","$17,526,996,965","1.25%","23.53","2.13","9.79","Analyze"
"J","Jacobs Engineering Group Inc.","Common stocks","Large cap","Industrials","$17,366,170,122","0.62%","40.81","1.23","2.87","Analyze"
"CTRA","Coterra Energy Inc.","Common stocks","Large cap","Energy","$17,288,524,829","2.08%","52.28","10.28","7.88","Analyze"
"WAB","Westinghouse Air Brake Technologies","Common stocks","Large cap","Industrials","$17,262,261,601","0.52%","37.70","2.22","1.69","Analyze"
"CNP","Centerpoint Energy Inc","Common stocks","Large cap","Utilities","$17,230,921,112","2.35%","19.14","2.13","1.95","Analyze"
"IEX","IDEX Corp","Common stocks","Large cap","Industrials","$17,195,282,909","0.93%","39.97","6.45","6.33","Analyze"
"TTWO","Take Two Interactive Software Inc","Common stocks","Large cap","Communication Services","$17,112,794,238","0.00%","31.93","5.08","5.19","Analyze"
"TECH","Bio-Techne Corp","Common stocks","Large cap","Health Care","$16,987,746,388","0.30%","95.26","17.25","10.27","Analyze"
"TXT","Textron Inc","Common stocks","Large cap","Industrials","$16,862,529,101","0.10%","21.87","1.31","2.81","Analyze"
"FDS","Factset Research Systems Inc","Common stocks","Large cap","Financials","$16,801,215,147","0.72%","41.68","10.32","15.40","Analyze"
"LKQ","LKQ Corp","Common stocks","Large cap","Consumer Discretionary","$16,795,721,964","0.43%","16.24","1.31","2.85","Analyze"
"QRVO","Qorvo, Inc.","Common stocks","Large cap","Information Technology","$16,723,068,000","0.00%","15.25","3.69","3.56","Analyze"
"ROL","Rollins Inc","Common stocks","Large cap","Industrials","$16,518,700,800","1.01%","47.89","7.00","15.13","Analyze"
"OMC","Omnicom Group Inc","Common stocks","Large cap","Communication Services","$16,477,536,625","3.56%","12.24","1.16","4.99","Analyze"
"MAS","Masco Corp","Common stocks","Large cap","Industrials","$16,471,024,028","1.04%","35.26","2.01","-132.35","Analyze"
"INCY","Incyte Corp","Common stocks","Large cap","Health Care","$16,443,097,604","0.00%","30.42","5.64","5.16","Analyze"
"EMN","Eastman Chemical","Common stocks","Large cap","Materials","$16,321,049,871","2.31%","32.33","1.64","2.70","Analyze"
"CAG","Conagra Brands Inc","Common stocks","Large cap","Consumer Staples","$16,300,128,899","3.41%","14.60","1.45","1.84","Analyze"
"PWR","Quanta Services Inc","Common stocks","Large cap","Industrials","$15,672,070,814","0.23%","28.47","1.31","3.39","Analyze"
"NLOK","NortonLifeLock Inc.","Common stocks","Large cap","Information Technology","$15,643,392,461","1.85%","17.45","5.82","-66.65","Analyze"
"AES","AES Corp","Common stocks","Large cap","Utilities","$15,561,100,769","2.56%","28.87","1.42","4.49","Analyze"
"L","Loews Corp","Common stocks","Large cap","Financials","$15,507,728,106","0.41%","9.51","1.03","0.87","Analyze"
"TFX","Teleflex Inc","Common stocks","Large cap","Health Care","$15,468,202,490","0.41%","36.17","5.61","4.29","Analyze"
"KIM","Kimco Realty Corporation","REITs","Large cap","Real Estate","$15,435,358,572","2.69%","16.52","12.76","1.56","Analyze"
"SJM","J.M. Smucker","Common stocks","Large cap","Consumer Staples","$15,399,496,626","2.63%","19.86","1.95","1.84","Analyze"
"MOS","Mosaic","Common stocks","Large cap","Materials","$15,294,606,526","0.68%","8.85","1.39","1.52","Analyze"
"EVRG","Evergy Inc","Common stocks","Large cap","Utilities","$15,216,527,172","3.24%","17.43","2.74","1.64","Analyze"
"UAL","United Continental Holdings Inc","Common stocks","Large cap","Industrials","$15,177,443,181","0.00%","-4.68","0.76","2.77","Analyze"
"BBWI","Bath & Body Works, Inc.","Common stocks","Large cap","Consumer Discretionary","$15,161,839,972","0.97%","9.46","1.18","-9.02","Analyze"
"WRB","WR Berkley Corp","Common stocks","Large cap","Financials","$15,025,035,741","0.59%","14.52","1.64","2.27","Analyze"
"LNT","Alliant Energy Corp","Common stocks","Large cap","Utilities","$14,965,419,789","2.66%","23.71","4.21","2.51","Analyze"
"FFIV","F5 Networks Inc","Common stocks","Large cap","Information Technology","$14,857,923,292","0.00%","44.30","5.71","6.22","Analyze"
"CAH","Cardinal Health Inc","Common stocks","Large cap","Health Care","$14,853,045,585","3.66%","12.83","0.09","10.45","Analyze"
"CF","CF Industries Holdings Inc","Common stocks","Large cap","Materials","$14,833,121,430","1.72%","48.71","2.91","4.96","Analyze"
"IPG","Interpublic Group Of Companies Inc","Common stocks","Large cap","Communication Services","$14,706,758,961","2.86%","21.02","1.49","4.69","Analyze"
"MRO","Marathon Oil Corp","Common stocks","Large cap","Energy","$14,527,498,498","0.96%","-355.28","3.10","1.35","Analyze"
"ABMD","Abiomed Inc","Common stocks","Large cap","Health Care","$14,518,249,059","0.00%","60.27","14.91","10.37","Analyze"
"HWM","Howmet Aerospace Inc.","Common stocks","Large cap","Industrials","$14,491,233,949","0.12%","50.83","2.94","4.05","Analyze"
"MKTX","Marketaxess Holdings Inc","Common stocks","Large cap","Financials","$14,470,597,841","0.69%","50.68","20.52","13.38","Analyze"
"AAP","Advance Auto Parts Inc","Common stocks","Large cap","Consumer Discretionary","$14,467,024,616","1.39%","22.91","1.32","4.63","Analyze"
"DISCA","Discovery Communications Inc Series A","Common stocks","Large cap","Communication Services","$14,321,653,713","0.00%","3.93","1.20","0.42","Analyze"
"DISCK","Discovery Communications, Inc. - Series C","Common stocks","Large cap","Communication Services","$14,321,653,713","0.00%","7.45","1.20","0.79","Analyze"
"WHR","Whirlpool Corp","Common stocks","Large cap","Consumer Discretionary","$14,252,504,414","2.38%","7.13","0.65","2.85","Analyze"
"PTC","PTC Inc","Common stocks","Large cap","Information Technology","$14,058,578,173","0.00%","29.67","7.78","6.94","Analyze"
"CHRW","C.H. Robinson Worldwide, Inc.","Common stocks","Large cap","Industrials","$14,036,046,147","1.90%","18.31","0.66","7.15","Analyze"
"CDAY","Ceridian HCM Holding Inc.","Common stocks","Large cap","Information Technology","$13,998,143,493","0.00%","-163.65","14.51","6.13","Analyze"
"HAS","Hasbro Inc","Common stocks","Large cap","Consumer Discretionary","$13,967,124,233","2.66%","31.37","2.28","4.69","Analyze"
"FBHS","Fortune Brands Home And Security","Common stocks","Large cap","Industrials","$13,967,064,203","1.01%","18.70","1.90","4.66","Analyze"
"PHM","Pultegroup Inc","Common stocks","Large cap","Consumer Discretionary","$13,899,893,118","1.03%","8.13","1.09","1.95","Analyze"
"ATO","Atmos Energy Corp","Common stocks","Large cap","Utilities","$13,886,276,000","2.43%","20.78","4.08","1.75","Analyze"
"FMC","FMC Corp","Common stocks","Large cap","Materials","$13,865,346,038","1.79%","23.78","2.90","4.65","Analyze"
"SEDG","SolarEdge Technologies Inc","Common stocks","Large cap","Information Technology","$13,712,321,216","0.00%","93.98","7.75","11.04","Analyze"
"LUMN","CenturyLink, Inc.","Common stocks","Large cap","Communication Services","$13,658,748,174","7.39%","-17.81","0.68","1.22","Analyze"
"CPB","Campbell Soup","Common stocks","Large cap","Consumer Staples","$13,599,326,161","3.24%","14.30","1.62","4.22","Analyze"
"AOS","A O Smith Corp","Common stocks","Large cap","Industrials","$13,514,369,400","1.26%","23.93","4.00","5.90","Analyze"
"CBOE","Cboe Global Markets, Inc.","Common stocks","Large cap","Financials","$13,430,616,523","1.42%","29.56","3.87","3.80","Analyze"
"IRM","Iron Mountain Incorporated","REITs","Large cap","Real Estate","$13,429,305,717","5.23%","21.29","3.06","13.90","Analyze"
"NWS","News Corp Class B","Common stocks","Large cap","Communication Services","$13,357,300,956","0.88%","9.28","1.37","0.56","Analyze"
"NWSA","News Corp Class A","Common stocks","Large cap","Communication Services","$13,357,300,956","0.89%","18.06","1.37","1.08","Analyze"
"LNC","Lincoln National Corp","Common stocks","Large cap","Financials","$13,130,293,197","2.33%","9.90","0.70","0.62","Analyze"
"REG","Regency Centers Corporation","REITs","Large cap","Real Estate","$13,078,961,299","3.11%","22.97","11.60","2.16","Analyze"
"PKG","Packaging Corp Of America","Common stocks","Large cap","Materials","$12,910,195,007","2.91%","17.07","1.74","3.53","Analyze"
"HST","Host Hotels & Resorts, Inc","REITs","Large cap","Real Estate","$12,909,758,549","0.00%","-38.68","0.00","2.09","Analyze"
"CMA","Comerica Inc","Common stocks","Large cap","Financials","$12,767,322,440","2.76%","11.44","4.75","1.65","Analyze"
"LDOS","Leidos Holdings Inc","Common stocks","Large cap","Industrials","$12,744,216,918","1.53%","16.24","0.94","3.06","Analyze"
"JKHY","Jack Henry & Associates, Inc.","Common stocks","Large cap","Information Technology","$12,567,724,772","1.08%","39.48","7.00","9.12","Analyze"
"AAL","American Airlines Group Inc","Common stocks","Large cap","Industrials","$12,315,726,208","0.00%","-3.70","0.50","-1.61","Analyze"
"XRAY","Dentsply Sirona Inc","Common stocks","Large cap","Health Care","$12,314,133,775","0.76%","28.69","2.90","2.34","Analyze"
"RHI","Robert Half","Common stocks","Large cap","Industrials","$12,263,021,971","1.37%","23.55","2.05","9.40","Analyze"
"CTXS","Citrix Systems Inc","Common stocks","Large cap","Information Technology","$12,239,055,429","1.50%","38.13","3.85","30.21","Analyze"
"WRK","Westrock","Common stocks","Large cap","Materials","$12,174,170,885","2.01%","14.54","0.65","1.04","Analyze"
"MHK","Mohawk Industries Inc","Common stocks","Large cap","Consumer Discretionary","$11,950,699,892","0.00%","10.96","1.08","1.37","Analyze"
"DVA","Davita Inc","Common stocks","Large cap","Health Care","$11,661,436,000","0.00%","12.01","1.01","10.08","Analyze"
"BWA","BorgWarner Inc","Common stocks","Large cap","Consumer Discretionary","$11,648,088,540","1.39%","14.97","0.77","1.73","Analyze"
"SNA","Snap On Inc","Common stocks","Large cap","Industrials","$11,628,872,354","2.34%","14.59","2.54","2.91","Analyze"
"APA","Apache Corp","Common stocks","Large cap","Energy","$11,624,776,288","0.35%","18.53","1.68","-10.83","Analyze"
"PNR","Pentair","Common stocks","Large cap","Industrials","$11,580,165,766","1.14%","22.70","3.24","4.93","Analyze"
"JNPR","Juniper Networks Inc","Common stocks","Large cap","Information Technology","$11,498,404,156","2.24%","75.31","2.47","2.59","Analyze"
"IVZ","Invesco Ltd","Common stocks","Large cap","Financials","$11,447,145,752","2.65%","9.68","1.69","0.76","Analyze"
"ALLE","Allegion PLC","Common stocks","Large cap","Industrials","$11,446,126,467","1.12%","24.69","3.97","13.24","Analyze"
"RE","Everest Re Group Ltd","Common stocks","Large cap","Financials","$11,335,507,145","2.15%","11.14","1.03","1.13","Analyze"
"HSIC","Henry Schein Inc","Common stocks","Large cap","Health Care","$11,168,837,142","0.00%","17.22","0.91","3.12","Analyze"
"UHS","Universal Health Services Inc.","Common stocks","Large cap","Health Care","$11,116,978,944","0.46%","8.91","0.89","1.50","Analyze"
"ZION","Zions Bancorporation","Common stocks","Large cap","Financials","$10,986,864,372","2.03%","9.41","3.81","1.41","Analyze"
"NI","Nisource Inc","Common stocks","Large cap","Utilities","$10,921,117,123","3.12%","24.48","2.32","1.69","Analyze"
"TAP","Molson Coors Brewing Class B","Common stocks","Large cap","Consumer Staples","$10,688,186,144","1.38%","-21.94","1.07","0.73","Analyze"
"TPR","Tapestry","Common stocks","Large cap","Consumer Discretionary","$10,513,200,924","1.30%","12.79","1.74","3.37","Analyze"
"FRT","Federal Realty Investment Trust","REITs","Large cap","Real Estate","$10,437,020,000","3.19%","0.00","11.39","0.00","Analyze"
"GL","Globe Life Inc.","Common stocks","Large cap","Financials","$10,309,978,873","0.77%","13.65","2.04","1.22","Analyze"
"ANET","Arista Networks Inc","Common stocks","Large cap","Information Technology","$10,231,006,796","0.00%","13.03","3.69","2.64","Analyze"
"LW","Lamb Weston Holdings Inc","Common stocks","Large cap","Consumer Staples","$10,066,965,588","1.35%","51.54","2.59","27.38","Analyze"
"NRG","NRG Energy Inc","Common stocks","Large cap","Utilities","$10,009,004,053","3.14%","4.15","0.46","2.48","Analyze"
"WYNN","Wynn Resorts Ltd","Common stocks","Mid cap","Consumer Discretionary","$9,865,618,529","1.22%","-11.70","2.90","-186.40","Analyze"
"NWL","Newell Brands Inc","Common stocks","Mid cap","Consumer Discretionary","$9,813,978,000","3.93%","16.53","0.94","2.46","Analyze"
"SEE","Sealed Air Corp","Common stocks","Mid cap","Materials","$9,779,825,087","1.15%","21.04","1.83","77.12","Analyze"
"AIZ","Assurant Inc","Common stocks","Mid cap","Financials","$8,972,122,366","1.68%","6.49","0.88","1.56","Analyze"
"IPGP","IPG Photonics Corp","Common stocks","Mid cap","Information Technology","$8,939,895,151","0.00%","33.64","6.24","3.23","Analyze"
"PBCT","Peoples United Financial Inc","Common stocks","Mid cap","Financials","$8,795,811,185","3.48%","29.99","4.59","1.14","Analyze"
"VNO","Vornado Realty Trust","REITs","Mid cap","Real Estate","$8,721,761,221","4.57%","-92.41","5.65","1.37","Analyze"
"RL","Ralph Lauren Corp Class A","Common stocks","Mid cap","Consumer Discretionary","$8,573,226,171","1.75%","13.89","1.53","1.96","Analyze"
"DXC","DXC Technology Company","Common stocks","Mid cap","Information Technology","$8,341,537,645","0.00%","21.65","0.50","1.77","Analyze"
"OGN","Organon & Co.","Common stocks","Mid cap","Health Care","$8,303,763,450","1.70%","7.20","1.05","-5.11","Analyze"
"PENN","Penn National Gaming Inc","Common stocks","Mid cap","Consumer Discretionary","$8,138,386,728","0.00%","20.79","1.52","2.62","Analyze"
"UA","Under Armour Inc Class C","Common stocks","Mid cap","Consumer Discretionary","$8,083,965,120","0.00%","9.72","1.45","2.14","Analyze"
"UAA","Under Armour Inc Class A","Common stocks","Mid cap","Consumer Discretionary","$8,083,965,120","0.00%","8.50","1.45","1.87","Analyze"
"HII","Huntington Ingalls Industries Inc","Common stocks","Mid cap","Industrials","$7,967,731,892","2.29%","11.74","0.83","3.61","Analyze"
"PNW","Pinnacle West Corp","Common stocks","Mid cap","Utilities","$7,927,698,981","4.67%","13.84","2.12","1.30","Analyze"
"NLSN","Nielsen Holdings Plc","Common stocks","Mid cap","Industrials","$7,497,994,263","1.14%","9.42","1.75","2.39","Analyze"
"PVH","PVH Corp","Common stocks","Mid cap","Consumer Discretionary","$7,270,676,277","0.04%","25.58","0.00","1.39","Analyze"
"ALK","Alaska Air Group Inc","Common stocks","Mid cap","Industrials","$7,016,144,301","0.00%","531.61","1.38","1.96","Analyze"
"GPS","Gap Inc","Common stocks","Mid cap","Consumer Discretionary","$6,676,450,003","3.34%","13.10","0.40","2.38","Analyze"
"NCLH","Norwegian Cruise Line Holdings Ltd","Common stocks","Mid cap","Consumer Discretionary","$4,727,800,000","0.00%","-2.24","27.79","2.85","Analyze"